<?xml version="1.0" encoding="UTF-8"?>
<metadata xml:lang="fa"><Esri><CreaDate>20190108</CreaDate><CreaTime>14203600</CreaTime><SyncOnce>FALSE</SyncOnce><DataProperties><lineage><Process ToolSource="C:\Program Files\ArcGIS\ArcToolbox\Toolboxes\Data Management Tools.tbx\DefineProjection" Date="20160409" Time="130151">DefineProjection "National Constituency" GEOGCS['GCS_WGS_1984',DATUM['D_WGS_1984',SPHEROID['WGS_1984',6378137.0,298.257223563]],PRIMEM['Greenwich',0.0],UNIT['Degree',0.0174532925199433]] "National Constituency"</Process><Process ToolSource="C:\Program Files\ArcGIS\ArcToolbox\Toolboxes\Data Management Tools.tbx\CopyFeatures" Date="20160507" Time="122022">CopyFeatures "D:\ADMIN_22_March_2016_bfcbac_From_Lesotho\National Constituency.shp" D:\ADMIN_22_March_2016_bfcbac_From_Lesotho\Admin_22March_2016.mdb\Admin_22_March_2016\National_Constituency # 0 0 0</Process><Process ToolSource="C:\Program Files\ArcGIS\ArcToolbox\Toolboxes\Data Management Tools.tbx\CopyFeatures" Date="20160509" Time="133300">CopyFeatures D:\ADMIN_22_March_2016_bfcbac_From_Lesotho\National_Constituency_edited.shp D:\ADMIN_22_March_2016_bfcbac_From_Lesotho\Admin_22March_2016.mdb\Admin_22March_2016_edited\National_Constituency_edited # 0 0 0</Process><Process ToolSource="C:\Program Files\ArcGIS\ArcToolbox\Toolboxes\Data Management Tools.tbx\CopyFeatures" Date="20160509" Time="140718">CopyFeatures D:\ADMIN_22_March_2016_bfcbac_From_Lesotho\National_Constituency_edited1.shp D:\ADMIN_22_March_2016_bfcbac_From_Lesotho\Admin_22March_2016.mdb\Admin_22March_2016_edited2\National_Constituency_edited1 # 0 0 0</Process><Process ToolSource="C:\Program Files\ArcGIS\ArcToolbox\Toolboxes\Data Management Tools.tbx\MultipartToSinglepart" Date="20160509" Time="141334">MultipartToSinglepart National_Constituency_edited1 D:\ADMIN_22_March_2016_bfcbac_From_Lesotho\Admin_22March_2016.mdb\Admin_22March_2016_edited2\National_Constituency_edited1_sp</Process><Process ToolSource="C:\Program Files\ArcGIS\ArcToolbox\Toolboxes\Data Management Tools.tbx\CopyFeatures" Date="20160509" Time="142558">CopyFeatures D:\ADMIN_22_March_2016_bfcbac_From_Lesotho\National_Constituency_edited1_sp2.shp D:\ADMIN_22_March_2016_bfcbac_From_Lesotho\Admin_22March_2016.mdb\dmin_22March_2016_edited3\National_Constituency_edited1_sp2 # 0 0 0</Process><Process ToolSource="C:\Program Files\ArcGIS\ArcToolbox\Toolboxes\Data Management Tools.tbx\CopyFeatures" Date="20160509" Time="151023">CopyFeatures D:\ADMIN_22_March_2016_bfcbac_From_Lesotho\National_Constituency_edited51.shp D:\ADMIN_22_March_2016_bfcbac_From_Lesotho\Admin_22March_2016.mdb\Admin_22March_2016_edited5\National_Constituency_edited51 # 0 0 0</Process><Process ToolSource="C:\Program Files\ArcGIS\ArcToolbox\Toolboxes\Data Management Tools.tbx\Merge" Date="20160510" Time="171633">Merge National_Constituency;erase D:\Admin_09May_2016_MN\National_Constituency_1.shp "Name 'Name' true true false 50 Text 0 0 ,First,#,National_Constituency,Name,-1,-1,erase,Name,-1,-1;CouncilNam 'CouncilNam' true true false 50 Text 0 0 ,First,#,National_Constituency,CouncilNam,-1,-1,erase,CouncilNam,-1,-1;District 'District' true true false 50 Text 0 0 ,First,#,National_Constituency,District,-1,-1,erase,District,-1,-1;UrbanCounc 'UrbanCounc' true true false 50 Text 0 0 ,First,#,National_Constituency,UrbanCounc,-1,-1,erase,UrbanCounc,-1,-1;MunicipCou 'MunicipCou' true true false 50 Text 0 0 ,First,#,National_Constituency,MunicipCou,-1,-1,erase,MunicipCou,-1,-1;Area 'Area' true true false 19 Double 0 0 ,First,#,National_Constituency,Area,-1,-1,erase,Area,-1,-1"</Process><Process ToolSource="C:\Program Files\ArcGIS\ArcToolbox\Toolboxes\Data Management Tools.tbx\FeatureToPoint" Date="20160510" Time="175254">FeatureToPoint National_Constituency D:\Admin_09May_2016_MN\National_Constituency_point.shp INSIDE</Process><Process ToolSource="C:\Program Files\ArcGIS\ArcToolbox\Toolboxes\Data Management Tools.tbx\FeatureToPolygon" Date="20160510" Time="175822">FeatureToPolygon National_Constituency_lmerge D:\Admin_09May_2016_MN\National_Constituency_edited.shp # ATTRIBUTES National_Constituency_point</Process><Process ToolSource="C:\Program Files\ArcGIS\ArcToolbox\Toolboxes\Data Management Tools.tbx\FeatureToPoint" Date="20160511" Time="133944">FeatureToPoint National_Constituency D:\Admin_10May_2016\National_Constituency_point.shp INSIDE</Process><Process ToolSource="C:\Program Files\ArcGIS\ArcToolbox\Toolboxes\Data Management Tools.tbx\FeatureToPolygon" Date="20160511" Time="134047">FeatureToPolygon National_Constituency_edited D:\Admin_11May_2016\National_Constituency.shp # ATTRIBUTES National_Constituency_point</Process><Process ToolSource="C:\Program Files\ArcGIS\ArcToolbox\Toolboxes\Data Management Tools.tbx\FeatureToPoint" Date="20160511" Time="142601">FeatureToPoint National_Constituency D:\Admin_11May_2016\National_Constituency_point.shp INSIDE</Process><Process ToolSource="C:\Program Files\ArcGIS\ArcToolbox\Toolboxes\Data Management Tools.tbx\FeatureToPolygon" Date="20160511" Time="142717">FeatureToPolygon National_Constituency_line D:\Admin_11May_2016_edited\National_Constituency.shp # ATTRIBUTES National_Constituency_point</Process><Process ToolSource="C:\Program Files\ArcGIS\ArcToolbox\Toolboxes\Data Management Tools.tbx\FeatureToPoint" Date="20160511" Time="182523">FeatureToPoint National_Constituency D:\Admin_11May_2016_edited\National_Constituency_point.shp INSIDE</Process><Process ToolSource="C:\Program Files\ArcGIS\ArcToolbox\Toolboxes\Data Management Tools.tbx\FeatureToPolygon" Date="20160511" Time="182629">FeatureToPolygon National_Constituency_line D:\Admin_11May_2016_edited1\National_Constituency.shp # ATTRIBUTES National_Constituency_point</Process><Process ToolSource="C:\Program Files\ArcGIS\ArcToolbox\Toolboxes\Data Management Tools.tbx\FeatureToPoint" Date="20160517" Time="131401">FeatureToPoint National_Constituency D:\Admin_11May_2016_edited1\National_Constituency_point.shp INSIDE</Process><Process ToolSource="C:\Program Files\ArcGIS\ArcToolbox\Toolboxes\Data Management Tools.tbx\FeatureToPolygon" Date="20160517" Time="134829">FeatureToPolygon National_Constituency_uc_Erase_merge_copy D:\Admin_17May_2016\Community_Council.shp # ATTRIBUTES National_Constituency_point</Process><Process ToolSource="C:\Program Files\ArcGIS\ArcToolbox\Toolboxes\Data Management Tools.tbx\FeatureToPoint" Date="20160605" Time="155551">FeatureToPoint Community_Council D:\Admin_17May_2016\Community_Council_point.shp INSIDE</Process><Process ToolSource="C:\Program Files\ArcGIS\ArcToolbox\Toolboxes\Data Management Tools.tbx\FeatureToPolygon" Date="20160605" Time="155854">FeatureToPolygon Community_Council_line D:\Admin_05June_2016\Community_Council1.shp # ATTRIBUTES Community_Council_point</Process><Process ToolSource="C:\Program Files\ArcGIS\ArcToolbox\Toolboxes\Data Management Tools.tbx\FeatureToPoint" Date="20160723" Time="173328">FeatureToPoint Community_Council D:\Admin_21July\Admin_05June_2016\Community_Council_p.shp INSIDE</Process><Process ToolSource="C:\Program Files\ArcGIS\ArcToolbox\Toolboxes\Data Management Tools.tbx\FeatureToPolygon" Date="20160825" Time="133125">FeatureToPolygon Community_Councils_10Aug_2016_line D:\Admin_25Aug_2016\Community_Councils_25Aug_2016.shp # ATTRIBUTES Community_Council_p</Process><Process ToolSource="C:\Program Files\ArcGIS\ArcToolbox\Toolboxes\Data Management Tools.tbx\Merge" Date="20160825" Time="133830">Merge Community_Councils_25Aug_2016;Urban_Councils_10Aug_2016 D:\Admin_25Aug_2016\CC_and_UC_25Aug_2016.shp "CC__Name 'CC__Name' true true false 50 Text 0 0 ,First,#,Community_Councils_25Aug_2016,CC__Name,-1,-1;District 'District' true true false 50 Text 0 0 ,First,#,Community_Councils_25Aug_2016,District,-1,-1,Urban_Councils_10Aug_2016,District,-1,-1;Area 'Area' true true false 19 Double 0 0 ,First,#,Community_Councils_25Aug_2016,Area,-1,-1;UC_Name 'UC_Name' true true false 50 Text 0 0 ,First,#,Urban_Councils_10Aug_2016,UC_Name,-1,-1;MC_Name 'MC_Name' true true false 50 Text 0 0 ,First,#,Urban_Councils_10Aug_2016,MC_Name,-1,-1;Area_km2 'Area_km2' true true false 19 Double 0 0 ,First,#,Urban_Councils_10Aug_2016,Area_km2,-1,-1"</Process><Process ToolSource="c:\program files (x86)\arcgis\desktop10.2\ArcToolbox\Toolboxes\Data Management Tools.tbx\CalculateField" Date="20190103" Time="191942">CalculateField lso_geo2 Code Right( [CC__Name],3 ) VB #</Process><Process ToolSource="c:\program files (x86)\arcgis\desktop10.2\ArcToolbox\Toolboxes\Data Management Tools.tbx\CalculateField" Date="20190103" Time="200111">CalculateField lso_geo2 Name "!CC__Name! [:-4]" PYTHON_9.3 #</Process><Process ToolSource="c:\program files (x86)\arcgis\desktop10.2\ArcToolbox\Toolboxes\Data Management Tools.tbx\CalculateField" Date="20190103" Time="200212">CalculateField lso_geo2 Name !UC_Name! PYTHON_9.3 #</Process><Process ToolSource="c:\program files (x86)\arcgis\desktop10.2\ArcToolbox\Toolboxes\Data Management Tools.tbx\CalculateField" Date="20190103" Time="200401">CalculateField lso_geo2 Name [UC_Name] VB #</Process><Process ToolSource="c:\program files (x86)\arcgis\desktop10.2\ArcToolbox\Toolboxes\Data Management Tools.tbx\CalculateField" Date="20190103" Time="200428">CalculateField lso_geo2 Name [MC_Name] VB #</Process><Process ToolSource="c:\program files (x86)\arcgis\desktop10.2\ArcToolbox\Toolboxes\Data Management Tools.tbx\CalculateField" Date="20190103" Time="202034">CalculateField lso_geo2 ADM2_TYPE "Community Council (CC)" VB #</Process><Process ToolSource="c:\program files (x86)\arcgis\desktop10.2\ArcToolbox\Toolboxes\Data Management Tools.tbx\CalculateField" Date="20190103" Time="202147">CalculateField lso_geo2 ADM2_TYPE "Urban Council (UC)" VB #</Process><Process ToolSource="c:\program files (x86)\arcgis\desktop10.2\ArcToolbox\Toolboxes\Data Management Tools.tbx\CalculateField" Date="20190103" Time="202213">CalculateField lso_geo2 ADM2_TYPE "Municipal Council (MC)" VB #</Process><Process ToolSource="c:\program files (x86)\arcgis\desktop10.2\ArcToolbox\Toolboxes\Data Management Tools.tbx\CalculateField" Date="20190103" Time="204525">CalculateField lso_geo2 ADM1_TYPE ""District" " VB #</Process><Process ToolSource="c:\program files (x86)\arcgis\desktop10.2\ArcToolbox\Toolboxes\Data Management Tools.tbx\CalculateField" Date="20190103" Time="204605">CalculateField lso_geo2 ADM1_EN [District] VB #</Process><Process ToolSource="c:\program files (x86)\arcgis\desktop10.2\ArcToolbox\Toolboxes\Data Management Tools.tbx\CalculateField" Date="20190103" Time="204659">CalculateField lso_geo2 ADM1_PCODE Left( [Code],1 ) VB #</Process><Process ToolSource="c:\program files (x86)\arcgis\desktop10.2\ArcToolbox\Toolboxes\Data Management Tools.tbx\CalculateField" Date="20190104" Time="011604">CalculateField lso_geo4 ADM0_PCODE "LS" VB #</Process><Process ToolSource="c:\program files (x86)\arcgis\desktop10.2\ArcToolbox\Toolboxes\Data Management Tools.tbx\CalculateField" Date="20190104" Time="011618">CalculateField lso_geo4 ADM0_EN "Lesotho" VB #</Process><Process ToolSource="c:\program files (x86)\arcgis\desktop10.2\ArcToolbox\Toolboxes\Data Management Tools.tbx\CalculateField" Date="20190104" Time="011918">CalculateField lso_geo4 ADM2_PCODE ""LS" &amp; [Code]" VB #</Process><Process ToolSource="c:\program files (x86)\arcgis\desktop10.2\ArcToolbox\Toolboxes\Data Management Tools.tbx\CalculateField" Date="20190104" Time="012007">CalculateField lso_geo4 ADM2_EN [Name] VB #</Process><Process ToolSource="c:\program files (x86)\arcgis\desktop10.2\ArcToolbox\Toolboxes\Data Management Tools.tbx\CalculateField" Date="20190104" Time="012157">CalculateField lso_geo4 test [ADM1_PCODE] VB #</Process><Process ToolSource="c:\program files (x86)\arcgis\desktop10.2\ArcToolbox\Toolboxes\Data Management Tools.tbx\CalculateField" Date="20190104" Time="012213">CalculateField lso_geo4 ADM1_PCODE ""LS" &amp; [test]" VB #</Process><Process ToolSource="c:\program files (x86)\arcgis\desktop10.2\ArcToolbox\Toolboxes\Data Management Tools.tbx\CalculateField" Date="20190104" Time="013114">CalculateField lso_geo5 SOURCE "FAO and the Ministry of Local Government 2016, cleaned by OCHA" VB #</Process><Process ToolSource="c:\program files (x86)\arcgis\desktop10.2\ArcToolbox\Toolboxes\Data Management Tools.tbx\CalculateField" Date="20190106" Time="212723">CalculateField Lso_polbnda_adm2_Councils_2016_FAO_MLG_OCHA ADM2_TYPE "Urban Council (UC)" VB #</Process><Process ToolSource="c:\program files (x86)\arcgis\desktop10.6\ArcToolbox\Toolboxes\Data Management Tools.tbx\Dissolve" Date="20190108" Time="142705">Dissolve lso_admbnda_adm2_FAO_MLGCA_2019 "C:\Users\Owner\Documents\OCHA FIS\CODs\LSO\LSO FIS 2019 01 08\lso_adm_FAO_MLGCA_2019_SHP\lso_admbnda_adm0_FAO_MLGCA_2019.shp" ADM0_PCODE # MULTI_PART DISSOLVE_LINES</Process></lineage><itemProps><itemName Sync="TRUE">lso_admbnda_adm0_FAO_MLGCA_2019</itemName><imsContentType Sync="TRUE">002</imsContentType><itemLocation><linkage Sync="TRUE">file://\\DESKTOP-IHA95L0\C$\Users\Owner\Documents\OCHA FIS\CODs\LSO\LSO FIS 2019 01 08\lso_adm_FAO_MLGCA_2019_SHP\lso_admbnda_adm0_FAO_MLGCA_2019.shp</linkage><protocol Sync="TRUE">Local Area Network</protocol></itemLocation><itemSize Sync="TRUE">0.000</itemSize></itemProps><coordRef><type Sync="TRUE">Geographic</type><geogcsn Sync="TRUE">GCS_WGS_1984</geogcsn><csUnits Sync="TRUE">Angular Unit: Degree (0.017453)</csUnits><peXml Sync="TRUE">&lt;GeographicCoordinateSystem xsi:type='typens:GeographicCoordinateSystem' xmlns:xsi='http://www.w3.org/2001/XMLSchema-instance' xmlns:xs='http://www.w3.org/2001/XMLSchema' xmlns:typens='http://www.esri.com/schemas/ArcGIS/10.6'&gt;&lt;WKT&gt;GEOGCS[&amp;quot;GCS_WGS_1984&amp;quot;,DATUM[&amp;quot;D_WGS_1984&amp;quot;,SPHEROID[&amp;quot;WGS_1984&amp;quot;,6378137.0,298.257223563]],PRIMEM[&amp;quot;Greenwich&amp;quot;,0.0],UNIT[&amp;quot;Degree&amp;quot;,0.0174532925199433],AUTHORITY[&amp;quot;EPSG&amp;quot;,4326]]&lt;/WKT&gt;&lt;XOrigin&gt;-400&lt;/XOrigin&gt;&lt;YOrigin&gt;-400&lt;/YOrigin&gt;&lt;XYScale&gt;11258999068426.238&lt;/XYScale&gt;&lt;ZOrigin&gt;-100000&lt;/ZOrigin&gt;&lt;ZScale&gt;10000&lt;/ZScale&gt;&lt;MOrigin&gt;-100000&lt;/MOrigin&gt;&lt;MScale&gt;10000&lt;/MScale&gt;&lt;XYTolerance&gt;8.983152841195215e-09&lt;/XYTolerance&gt;&lt;ZTolerance&gt;0.001&lt;/ZTolerance&gt;&lt;MTolerance&gt;0.001&lt;/MTolerance&gt;&lt;HighPrecision&gt;true&lt;/HighPrecision&gt;&lt;LeftLongitude&gt;-180&lt;/LeftLongitude&gt;&lt;WKID&gt;4326&lt;/WKID&gt;&lt;LatestWKID&gt;4326&lt;/LatestWKID&gt;&lt;/GeographicCoordinateSystem&gt;</peXml></coordRef></DataProperties><SyncDate>20190108</SyncDate><SyncTime>14270300</SyncTime><ModDate>20190108</ModDate><ModTime>14270300</ModTime><ArcGISFormat>1.0</ArcGISFormat></Esri><idinfo><native Sync="TRUE">Microsoft Windows XP Version 5.1 (Build 2600) Service Pack 3; ESRI ArcCatalog 9.3.0.1770</native><descript><langdata Sync="TRUE">en</langdata><abstract>REQUIRED: A brief narrative summary of the data set.</abstract><purpose>REQUIRED: A summary of the intentions with which the data set was developed.</purpose></descript><citation><citeinfo><origin>REQUIRED: The name of an organization or individual that developed the data set.</origin><pubdate>REQUIRED: The date when the data set is published or otherwise made available for release.</pubdate><title Sync="TRUE">CC_and_UC_25Aug_2016</title><ftname Sync="TRUE">CC_and_UC_25Aug_2016</ftname><geoform Sync="TRUE">vector digital data</geoform><onlink Sync="TRUE">\\LAB333\D$\Admin_25Aug_2016\CC_and_UC_25Aug_2016.shp</onlink></citeinfo></citation><timeperd><current>REQUIRED: The basis on which the time period of content information is determined.</current><timeinfo><sngdate><caldate>REQUIRED: The year (and optionally month, or month and day) for which the data set corresponds to the ground.</caldate></sngdate></timeinfo></timeperd><status><progress>REQUIRED: The state of the data set.</progress><update>REQUIRED: The frequency with which changes and additions are made to the data set after the initial data set is completed.</update></status><spdom><bounding><westbc Sync="TRUE">REQUIRED: Western-most coordinate of the limit of coverage expressed in longitude.</westbc><eastbc Sync="TRUE">REQUIRED: Eastern-most coordinate of the limit of coverage expressed in longitude.</eastbc><northbc Sync="TRUE">REQUIRED: Northern-most coordinate of the limit of coverage expressed in latitude.</northbc><southbc Sync="TRUE">REQUIRED: Southern-most coordinate of the limit of coverage expressed in latitude.</southbc></bounding></spdom><keywords><theme><themekt>REQUIRED: Reference to a formally registered thesaurus or a similar authoritative source of theme keywords.</themekt><themekey>REQUIRED: Common-use word or phrase used to describe the subject of the data set.</themekey></theme></keywords><accconst>REQUIRED: Restrictions and legal prerequisites for accessing the data set.</accconst><useconst>REQUIRED: Restrictions and legal prerequisites for using the data set after access is granted.</useconst><natvform Sync="TRUE">Shapefile</natvform></idinfo><dataIdInfo><envirDesc Sync="TRUE"> Version 6.2 (Build 9200) ; Esri ArcGIS 10.6.0.8321</envirDesc><dataLang><languageCode Sync="TRUE" value="eng"></languageCode><countryCode value="CAN" Sync="TRUE"></countryCode></dataLang><idCitation><resTitle Sync="TRUE">lso_admbnda_adm0_FAO_MLGCA_2019</resTitle><presForm><PresFormCd Sync="TRUE" value="005"></PresFormCd></presForm></idCitation><spatRpType><SpatRepTypCd Sync="TRUE" value="001"></SpatRepTypCd></spatRpType></dataIdInfo><metainfo><langmeta Sync="TRUE">en</langmeta><metstdn Sync="TRUE">FGDC Content Standards for Digital Geospatial Metadata</metstdn><metstdv Sync="TRUE">FGDC-STD-001-1998</metstdv><mettc Sync="TRUE">local time</mettc><metc><cntinfo><cntorgp><cntper>REQUIRED: The person responsible for the metadata information.</cntper><cntorg>REQUIRED: The organization responsible for the metadata information.</cntorg></cntorgp><cntaddr><addrtype>REQUIRED: The mailing and/or physical address for the organization or individual.</addrtype><city>REQUIRED: The city of the address.</city><state>REQUIRED: The state or province of the address.</state><postal>REQUIRED: The ZIP or other postal code of the address.</postal></cntaddr><cntvoice>REQUIRED: The telephone number by which individuals can speak to the organization or individual.</cntvoice></cntinfo></metc><metd Sync="TRUE">20160825</metd></metainfo><mdLang><languageCode Sync="TRUE" value="eng"></languageCode><countryCode value="CAN" Sync="TRUE"></countryCode></mdLang><mdStanName Sync="TRUE">ISO 19115 Geographic Information - Metadata</mdStanName><mdStanVer Sync="TRUE">DIS_ESRI1.0</mdStanVer><mdChar><CharSetCd Sync="TRUE" value="004"></CharSetCd></mdChar><mdHrLv><ScopeCd Sync="TRUE" value="005"></ScopeCd></mdHrLv><mdHrLvName Sync="TRUE">dataset</mdHrLvName><distinfo><resdesc Sync="TRUE">Downloadable Data</resdesc><stdorder><digform><digtinfo><transize Sync="TRUE">0.000</transize><dssize Sync="TRUE">0.000</dssize></digtinfo></digform></stdorder></distinfo><distInfo><distributor><distorTran><onLineSrc><orDesc Sync="TRUE">002</orDesc><linkage Sync="TRUE">file://\\LAB333\D$\Admin_25Aug_2016\CC_and_UC_25Aug_2016.shp</linkage><protocol Sync="TRUE">Local Area Network</protocol></onLineSrc><transSize Sync="TRUE">0.000</transSize></distorTran><distorFormat><formatName Sync="TRUE">Shapefile</formatName></distorFormat></distributor><distFormat><formatName Sync="TRUE">Shapefile</formatName></distFormat><distTranOps><transSize Sync="TRUE">0.000</transSize></distTranOps></distInfo><spdoinfo><direct Sync="TRUE">Vector</direct><ptvctinf><esriterm Name="lso_admbnda_adm0_FAO_MLGCA_2019"><efeatyp Sync="TRUE">Simple</efeatyp><efeageom code="4" Sync="TRUE"></efeageom><esritopo Sync="TRUE">FALSE</esritopo><efeacnt Sync="TRUE">0</efeacnt><spindex Sync="TRUE">FALSE</spindex><linrefer Sync="TRUE">FALSE</linrefer></esriterm></ptvctinf></spdoinfo><spref><horizsys><cordsysn><geogcsn Sync="TRUE">GCS_WGS_1984</geogcsn><projcsn Sync="TRUE">WGS_1984_UTM_Zone_35S</projcsn></cordsysn><geodetic><horizdn Sync="TRUE">D_WGS_1984</horizdn><ellips Sync="TRUE">WGS_1984</ellips><semiaxis Sync="TRUE">6378137.000000</semiaxis><denflat Sync="TRUE">298.257224</denflat></geodetic></horizsys><vertdef><altsys><altenc Sync="TRUE">Explicit elevation coordinate included with horizontal coordinates</altenc><altres Sync="TRUE">0.000100</altres></altsys></vertdef></spref><refSysInfo><RefSystem><refSysID><identCode Sync="TRUE" code="4326">WGS_1984_UTM_Zone_35S</identCode><idCodeSpace Sync="TRUE">EPSG</idCodeSpace><idVersion Sync="TRUE">6.14(3.0.1)</idVersion></refSysID></RefSystem></refSysInfo><spatRepInfo><VectSpatRep><geometObjs Name="lso_admbnda_adm0_FAO_MLGCA_2019"><geoObjTyp><GeoObjTypCd value="002" Sync="TRUE"></GeoObjTypCd></geoObjTyp><geoObjCnt Sync="TRUE">0</geoObjCnt></geometObjs><topLvl><TopoLevCd value="001" Sync="TRUE"></TopoLevCd></topLvl></VectSpatRep></spatRepInfo><eainfo><detailed Name="lso_admbnda_adm0_FAO_MLGCA_2019"><enttyp><enttypl Sync="TRUE">lso_admbnda_adm0_FAO_MLGCA_2019</enttypl><enttypt Sync="TRUE">Feature Class</enttypt><enttypc Sync="TRUE">0</enttypc></enttyp><attr><attrlabl Sync="TRUE">FID</attrlabl><attalias Sync="TRUE">FID</attalias><attrtype Sync="TRUE">OID</attrtype><attwidth Sync="TRUE">4</attwidth><atprecis Sync="TRUE">0</atprecis><attscale Sync="TRUE">0</attscale><attrdef Sync="TRUE">Internal feature number.</attrdef><attrdefs Sync="TRUE">Esri</attrdefs><attrdomv><udom Sync="TRUE">Sequential unique whole numbers that are automatically generated.</udom></attrdomv></attr><attr><attrlabl Sync="TRUE">Shape</attrlabl><attalias Sync="TRUE">Shape</attalias><attrtype Sync="TRUE">Geometry</attrtype><attwidth Sync="TRUE">0</attwidth><atprecis Sync="TRUE">0</atprecis><attscale Sync="TRUE">0</attscale><attrdef Sync="TRUE">Feature geometry.</attrdef><attrdefs Sync="TRUE">ESRI</attrdefs><attrdomv><udom Sync="TRUE">Coordinates defining the features.</udom></attrdomv></attr><attr><attrlabl Sync="TRUE">ADM0_PCODE</attrlabl><attalias Sync="TRUE">ADM0_PCODE</attalias><attrtype Sync="TRUE">String</attrtype><attwidth Sync="TRUE">50</attwidth><atprecis Sync="TRUE">0</atprecis><attscale Sync="TRUE">0</attscale></attr></detailed></eainfo><mdDateSt Sync="TRUE">20190108</mdDateSt><dataqual><lineage><procstep><procdesc Sync="TRUE">Dataset copied.</procdesc><srcused Sync="TRUE">\\LAB333\D$\ADMIN_22_March_2016_bfcbac_From_Lesotho\Admin_22March_2016.mdb</srcused><procdate Sync="TRUE">20160509</procdate><proctime Sync="TRUE">13324000</proctime></procstep><procstep><procdesc Sync="TRUE">Dataset copied.</procdesc><srcused Sync="TRUE">\\LAB333\D$\ADMIN_22_March_2016_bfcbac_From_Lesotho\Admin_22March_2016.mdb</srcused><procdate Sync="TRUE">20160509</procdate><proctime Sync="TRUE">14050100</proctime></procstep><procstep><procdesc Sync="TRUE">Dataset copied.</procdesc><srcused Sync="TRUE">\\LAB333\D$\ADMIN_22_March_2016_bfcbac_From_Lesotho\Admin_22March_2016.mdb</srcused><procdate Sync="TRUE">20160509</procdate><proctime Sync="TRUE">14173500</proctime></procstep><procstep><procdesc Sync="TRUE">Dataset copied.</procdesc><srcused Sync="TRUE"></srcused><procdate Sync="TRUE">20160509</procdate><proctime Sync="TRUE">14245400</proctime></procstep><procstep><procdesc Sync="TRUE">Dataset copied.</procdesc><srcused Sync="TRUE">\\LAB333\D$\ADMIN_22_March_2016_bfcbac_From_Lesotho\Admin_22March_2016.mdb</srcused><procdate Sync="TRUE">20160509</procdate><proctime Sync="TRUE">15043400</proctime></procstep><procstep><procdesc Sync="TRUE">Dataset copied.</procdesc><srcused Sync="TRUE"></srcused><procdate Sync="TRUE">20160509</procdate><proctime Sync="TRUE">15092400</proctime></procstep><procstep><procdesc Sync="TRUE">Dataset copied.</procdesc><srcused Sync="TRUE">\\LAB333\D$\ADMIN_22_March_2016_bfcbac_From_Lesotho\Admin_22March_2016.mdb</srcused><procdate Sync="TRUE">20160509</procdate><proctime Sync="TRUE">15144300</proctime></procstep><procstep><procdesc Sync="TRUE">Dataset copied.</procdesc><srcused Sync="TRUE"></srcused><procdate Sync="TRUE">20160510</procdate><proctime Sync="TRUE">18092500</proctime></procstep><procstep><procdesc Sync="TRUE">Dataset copied.</procdesc><srcused Sync="TRUE"></srcused><procdate Sync="TRUE">20160605</procdate><proctime Sync="TRUE">16013100</proctime></procstep><procstep><procdesc Sync="TRUE">Dataset copied.</procdesc><srcused Sync="TRUE"></srcused><procdate Sync="TRUE">20160825</procdate><proctime Sync="TRUE">13300600</proctime></procstep></lineage></dataqual></metadata>
