<?xml version="1.0" encoding="UTF-8"?>
<metadata xml:lang="en"><Esri><CreaDate>20190108</CreaDate><CreaTime>12193500</CreaTime><ArcGISFormat>1.0</ArcGISFormat><SyncOnce>TRUE</SyncOnce><DataProperties><lineage><Process ToolSource="c:\program files (x86)\arcgis\desktop10.6\ArcToolbox\Toolboxes\Data Management Tools.tbx\CalculateField" Date="20190108" Time="121935">CalculateField lso_admbndl_ALL_FAO_MLGCA_2019_SHP adm_level 1 VB #</Process><Process ToolSource="c:\program files (x86)\arcgis\desktop10.6\ArcToolbox\Toolboxes\Data Management Tools.tbx\CalculateField" Date="20190108" Time="122016">CalculateField lso_admbndl_ALL_FAO_MLGCA_2019_SHP adm_level 2 VB #</Process></lineage></DataProperties></Esri></metadata>
