ADM0_EN,ADM0_PCODE,ADM1_EN,ADM1_PCODE,ADM2_EN,ADM2_PCODE,ADM2_TYPE,X,_totalcoun,_totalsum,_totalmean
Zambia,ZM,Central,ZM10,Chibombo,ZM1001,District Town,"0",1072455,474961.578172959,0.442873200435412
Zambia,ZM,Central,ZM10,Chisamba,ZM1007,District Town,"1",634763,133263.42663902,0.20994202031155
Zambia,ZM,Central,ZM10,Chitambo,ZM1008,District Town,"2",1402415,95376.0641731261,0.068008445555079
Zambia,ZM,Central,ZM10,Itezhi-tezhi,ZM1009,District Town,"3",1916045,116207.2765198,0.060649554952937
Zambia,ZM,Central,ZM10,Kabwe,ZM1002,Provincial Town,"4",186058,230793.766749248,1.24043989911344
Zambia,ZM,Central,ZM10,Kapiri Mposhi,ZM1003,District Town,"5",1119445,261385.5957094,0.233495701628396
Zambia,ZM,Central,ZM10,Luano,ZM1010,District Town,"6",1113618,40625.9564348776,0.036481052241323
Zambia,ZM,Central,ZM10,Mkushi,ZM1004,District Town,"7",1010359,192525.353180105,0.190551430907336
Zambia,ZM,Central,ZM10,Mumbwa,ZM1005,District Town,"8",2402572,249471.815762509,0.103835313057219
Zambia,ZM,Central,ZM10,Ngabwe,ZM1011,District Town,"9",826200,59523.7807737626,0.07204524421903
Zambia,ZM,Central,ZM10,Serenje,ZM1006,District Town,"10",1391234,113877.048494584,0.081853267311311
Zambia,ZM,Copperbelt,ZM20,Chililabombwe,ZM2001,District Town,"11",125672,118130.706112081,0.939992250557652
Zambia,ZM,Copperbelt,ZM20,Chingola,ZM2002,District Town,"12",187052,271723.061167819,1.45266054983544
Zambia,ZM,Copperbelt,ZM20,Kalulushi,ZM2003,District Town,"13",128075,92720.8623834774,0.723957543497774
Zambia,ZM,Copperbelt,ZM20,Kitwe,ZM2004,City,"14",141612,754426.840789236,5.32742169300085
Zambia,ZM,Copperbelt,ZM20,Luanshya,ZM2005,District Town,"15",94867,168261.990441762,1.77366197351831
Zambia,ZM,Copperbelt,ZM20,Lufwanyama,ZM2006,District Town,"16",1304112,93405.8318636073,0.0716240873971
Zambia,ZM,Copperbelt,ZM20,Masaiti,ZM2007,District Town,"17",442211,121321.237683922,0.274351469510985
Zambia,ZM,Copperbelt,ZM20,Mpongwe,ZM2008,District Town,"18",1069132,132521.567140735,0.123952484015757
Zambia,ZM,Copperbelt,ZM20,Mufulira,ZM2009,District Town,"19",87116,161440.788100243,1.85317034873321
Zambia,ZM,Copperbelt,ZM20,Ndola,ZM2010,City,"20",130003,629306.512094647,4.8407076151677
Zambia,ZM,Eastern,ZM30,Chadiza,ZM3001,District Town,"21",181513,88186.281248115,0.485840029353903
Zambia,ZM,Eastern,ZM30,Chasefu,ZM3002,District Town,"22",257042,121886.411396466,0.47418869833127
Zambia,ZM,Eastern,ZM30,Chipangali,ZM3009,Provincial Town,"23",318156,141414.294655891,0.444480992519051
Zambia,ZM,Eastern,ZM30,Chipata,ZM3003,Provincial Town,"24",202983,296437.573220313,1.4604059119252
Zambia,ZM,Eastern,ZM30,Kasenengwa,ZM3010,Provincial Town,"25",234598,131287.658280581,0.559628207745084
Zambia,ZM,Eastern,ZM30,Katete,ZM3004,District Town,"26",294835,207027.648234643,0.702181383603178
Zambia,ZM,Eastern,ZM30,Lumezi,ZM3011,District Town,"27",1191818,159017.071047372,0.133423954871778
Zambia,ZM,Eastern,ZM30,Lundazi,ZM3005,District Town,"28",153070,142363.892470852,0.930057440849621
Zambia,ZM,Eastern,ZM30,Mambwe,ZM3006,District Town,"29",705003,101988.370459999,0.144663739672028
Zambia,ZM,Eastern,ZM30,Nyimba,ZM3007,District Town,"30",1229005,100365.165339653,0.081663756729756
Zambia,ZM,Eastern,ZM30,Petauke,ZM3008,District Town,"31",880825,415550.348451382,0.471774016917528
Zambia,ZM,Eastern,ZM30,Sinda,ZM3012,District Town,"32",312191,211182.735935986,0.67645363234682
Zambia,ZM,Eastern,ZM30,Vubwi,ZM3013,District Town,"33",106831,40413.2158266306,0.378291093658494
Zambia,ZM,Luapula,ZM40,Chembe,ZM4008,District Town,"34",255744,147107.851497637,0.575215260172818
Zambia,ZM,Luapula,ZM40,Chiengi,ZM4001,District Town,"35",279832,142472.006723594,0.509134075886939
Zambia,ZM,Luapula,ZM40,Chifunabuli,ZM4009,District Town,"36",223314,99976.8093046844,0.447696110878335
Zambia,ZM,Luapula,ZM40,Chipili,ZM4010,District Town,"37",498390,35818.2959858179,0.071868006954028
Zambia,ZM,Luapula,ZM40,Kawambwa,ZM4002,District Town,"38",949104,118341.816084638,0.124687933129181
Zambia,ZM,Luapula,ZM40,Lunga,ZM4011,District Town,"39",443371,32182.2444424629,0.072585361790606
Zambia,ZM,Luapula,ZM40,Mansa,ZM4003,Provincial Town,"40",898873,601926.329060692,0.669645577362645
Zambia,ZM,Luapula,ZM40,Milengi,ZM4004,District Town,"41",733597,36953.3137370334,0.050372771067812
Zambia,ZM,Luapula,ZM40,Mwansabombwe,ZM4012,District Town,"42",132648,64123.6495107953,0.483412109574176
Zambia,ZM,Luapula,ZM40,Mwense,ZM4005,District Town,"43",282859,98304.5290712528,0.347538982571715
Zambia,ZM,Luapula,ZM40,Nchelenge,ZM4006,District Town,"44",309839,211974.070881391,0.684142638213366
Zambia,ZM,Luapula,ZM40,Samfya,ZM4007,District Town,"45",326631,104287.382161032,0.319281948624082
Zambia,ZM,Lusaka,ZM50,Chilanga,ZM5005,District Town,"46",164590,300791.775198676,1.82752156995368
Zambia,ZM,Lusaka,ZM50,Chirundu,ZM5006,District Town,"47",201196,61421.8928892538,0.305283866922075
Zambia,ZM,Lusaka,ZM50,Chongwe,ZM5001,District Town,"48",275516,260622.910484808,0.945944738181476
Zambia,ZM,Lusaka,ZM50,Kafue,ZM5002,District Town,"49",553665,146212.064962786,0.264080382474575
Zambia,ZM,Lusaka,ZM50,Luangwa,ZM5003,District Town,"50",449933,29790.4568776172,0.066210873346959
Zambia,ZM,Lusaka,ZM50,Lusaka,ZM5004,City,"51",47280,2577295.93139434,54.5113352663777
Zambia,ZM,Lusaka,ZM50,Rufunsa,ZM5007,District Town,"52",1156865,70620.5914190141,0.061044799020641
Zambia,ZM,Lusaka,ZM50,Shibuyunji,ZM5008,District Town,"53",196843,75543.4667917453,0.383775225899551
Zambia,ZM,Muchinga,ZM11,Chama,ZM1112,District Town,"54",2089912,150577.873451753,0.072049863081198
Zambia,ZM,Muchinga,ZM11,Chinsali,ZM1114,Provincial Town,"55",744590,104338.348075087,0.14012859167473
Zambia,ZM,Muchinga,ZM11,Isoka,ZM1113,District Town,"56",622546,110046.122142999,0.176767856741507
Zambia,ZM,Muchinga,ZM11,Kanchibiya,ZM1116,District Town,"57",1046850,90664.8308069557,0.086607279750638
Zambia,ZM,Muchinga,ZM11,Lavushimanda,ZM1117,District Town,"58",1688437,41548.0795891292,0.024607420702774
Zambia,ZM,Muchinga,ZM11,Mafinga,ZM1115,District Town,"59",481054,102511.642324515,0.213097993831284
Zambia,ZM,Muchinga,ZM11,Mpika,ZM1118,District Town,"60",2038860,166727.830040846,0.081775026260188
Zambia,ZM,Muchinga,ZM11,Nakonde,ZM1111,District Town,"61",510321,179903.976230256,0.352531007405645
Zambia,ZM,Muchinga,ZM11,Shiwamg'andu,ZM1119,District Town,"62",1100797,64120.417794842,0.058249084794782
Zambia,ZM,North-Western,ZM70,Chavuma,ZM7001,District Town,"63",529524,39507.7087658402,0.074609854824031
Zambia,ZM,North-Western,ZM70,Ikelenge,ZM7008,District Town,"64",251370,48360.0004672408,0.19238572807909
Zambia,ZM,North-Western,ZM70,Kabompo,ZM7002,Provincial Town,"65",846118,65650.9581054552,0.077590782970526
Zambia,ZM,North-Western,ZM70,Kalumbila,ZM7009,District Town,"66",1555863,97183.3976720488,0.06246269605489
Zambia,ZM,North-Western,ZM70,Kasempa,ZM7003,District Town,"67",2615133,94694.5262115961,0.036210214245928
Zambia,ZM,North-Western,ZM70,Manyinga,ZM7010,District Town,"68",887071,73595.8464458976,0.082965001049406
Zambia,ZM,North-Western,ZM70,Mufumbwe,ZM7004,District Town,"69",2284969,74515.7592319287,0.032611277978795
Zambia,ZM,North-Western,ZM70,Mushindano,ZM7011,District Town,"70",567670,35360.4984532632,0.06229058863999
Zambia,ZM,North-Western,ZM70,Mwinilunga,ZM7005,District Town,"71",2213282,156675.380598035,0.070788711333682
Zambia,ZM,North-Western,ZM70,Solwezi,ZM7006,Provincial Town,"72",1467766,250155.509530327,0.170432827528589
Zambia,ZM,North-Western,ZM70,Zambezi,ZM7007,District Town,"73",1708214,122521.863883534,0.07172512570646
Zambia,ZM,Northern,ZM60,Chilubi,ZM6001,District Town,"74",517651,109761.625171691,0.212037888793205
Zambia,ZM,Northern,ZM60,Kaputa,ZM6004,District Town,"75",496358,102473.881084815,0.206451555298423
Zambia,ZM,Northern,ZM60,Kasama,ZM6005,Provincial Town,"76",1258937,366832.517002942,0.291382743539146
Zambia,ZM,Northern,ZM60,Lunte District,ZM6002,District Town,"77",914890,79477.1280941665,0.086870692754502
Zambia,ZM,Northern,ZM60,Lupososhi,ZM6003,District Town,"78",474978,73959.6867553834,0.155711815611214
Zambia,ZM,Northern,ZM60,Luwingu,ZM6006,District Town,"79",585327,97633.7862649076,0.1668021230268
Zambia,ZM,Northern,ZM60,Mbala,ZM6007,District Town,"80",389423,153926.617409617,0.39526842895673
Zambia,ZM,Northern,ZM60,Mporokoso,ZM6009,District Town,"81",508058,53643.2970765326,0.105584986510463
Zambia,ZM,Northern,ZM60,Mpulungu,ZM6010,District Town,"82",1027398,145646.058709407,0.141762061741805
Zambia,ZM,Northern,ZM60,Mungwi,ZM6011,District Town,"83",1139474,188154.411563423,0.165123918196837
Zambia,ZM,Northern,ZM60,Nsama,ZM6008,District Town,"84",750069,64755.1943699419,0.086332316586797
Zambia,ZM,Northern,ZM60,Senga Hill,ZM6012,District Town,"85",613712,134265.252699148,0.218775667901472
Zambia,ZM,Southern,ZM80,Chikankanta,ZM8003,District Town,"86",355161,70794.0880685747,0.199329566220882
Zambia,ZM,Southern,ZM80,Choma,ZM8001,Provincial Town,"87",628664,274380.156533886,0.436449608270691
Zambia,ZM,Southern,ZM80,Gwembe,ZM8002,District Town,"88",358469,81447.1743981838,0.227208418017133
Zambia,ZM,Southern,ZM80,Kalomo,ZM8004,District Town,"89",986088,257379.907634759,0.261011093974127
Zambia,ZM,Southern,ZM80,Kazungula,ZM8005,District Town,"90",2233349,162213.942357931,0.072632599006215
Zambia,ZM,Southern,ZM80,Livingstone,ZM8006,City,"91",102193,193662.50030864,1.89506620129207
Zambia,ZM,Southern,ZM80,Mazabuka,ZM8007,District Town,"92",459801,192162.246258065,0.417924811512078
Zambia,ZM,Southern,ZM80,Monze,ZM8008,District Town,"93",587478,230433.139088608,0.392241307910438
Zambia,ZM,Southern,ZM80,Namwala,ZM8009,District Town,"94",651229,121872.788859122,0.187142754482865
Zambia,ZM,Southern,ZM80,Pemba,ZM8012,District Town,"95",231440,47739.5359743442,0.206271759308435
Zambia,ZM,Southern,ZM80,Siavonga,ZM8010,District Town,"96",197801,70295.4352838844,0.355384630431011
Zambia,ZM,Southern,ZM80,Sinazongwe,ZM8011,District Town,"97",473118,131527.541947383,0.278001559753346
Zambia,ZM,Southern,ZM80,Zimba,ZM8013,District Town,"98",639423,135252.484540697,0.211522708036303
Zambia,ZM,Western,ZM90,Kalabo,ZM9001,District Town,"99",1173591,90413.3306065612,0.077039897721234
Zambia,ZM,Western,ZM90,Kaoma,ZM9002,District Town,"100",1103136,108472.489418975,0.09833102121495
Zambia,ZM,Western,ZM90,Limulunga,ZM9006,District Town,"101",470892,58133.9843441192,0.12345502651164
Zambia,ZM,Western,ZM90,Luampa,ZM9008,District Town,"102",1234190,69173.0098296888,0.056047294038753
Zambia,ZM,Western,ZM90,Lukulu,ZM9003,District Town,"103",1120869,85849.8186358996,0.076592196443919
Zambia,ZM,Western,ZM90,Mitete,ZM9009,District Town,"104",755012,42950.8659708854,0.056887660025119
Zambia,ZM,Western,ZM90,Mongu,ZM9004,Provincial Town,"105",731308,153202.842082269,0.209491544031064
Zambia,ZM,Western,ZM90,Mulobezi,ZM9010,District Town,"106",1451756,33827.1067740768,0.023300821056759
Zambia,ZM,Western,ZM90,Mwandi,ZM9011,District Town,"107",786466,35200.2175117983,0.044757456154237
Zambia,ZM,Western,ZM90,Nalolo,ZM9013,District Town,"108",557134,59962.3014615234,0.107626354631962
Zambia,ZM,Western,ZM90,Nkeyema,ZM9014,District Town,"109",459553,47001.0255467407,0.102275527625194
Zambia,ZM,Western,ZM90,Senanga,ZM9005,District Town,"110",1334011,79567.937288715,0.059645638070987
Zambia,ZM,Western,ZM90,Sesheke,ZM9012,District Town,"111",1347252,55213.495679982,0.04098230745249
Zambia,ZM,Western,ZM90,Shang'ombo,ZM9007,District Town,"112",1003392,45719.0150828101,0.045564460433021
Zambia,ZM,Western,ZM90,Sikongo,ZM9015,District Town,"113",900881,54822.8171611633,0.060854671328581
Zambia,ZM,Western,ZM90,Sioma,ZM9016,District Town,"114",968313,74819.0551309902,0.077267428126019
