<?xml version="1.0" encoding="UTF-8"?>
<metadata xml:lang="en"><Esri><CreaDate>20200316</CreaDate><CreaTime>13193300</CreaTime><ArcGISFormat>1.0</ArcGISFormat><SyncOnce>TRUE</SyncOnce><DataProperties><lineage><Process ToolSource="c:\program files (x86)\arcgis\desktop10.7\ArcToolbox\Toolboxes\Data Management Tools.tbx\CalculateField" Date="20200316" Time="102036">CalculateField mus_admbnda_adm1_2020_v1 ADM0_FR "Mauritius" VB #</Process><Process ToolSource="c:\program files (x86)\arcgis\desktop10.7\ArcToolbox\Toolboxes\Data Management Tools.tbx\CalculateField" Date="20200316" Time="102436">CalculateField mus_admbnda_adm1_2020_v1 ADM0_EN [ADM0_FR] VB #</Process><Process ToolSource="c:\program files (x86)\arcgis\desktop10.7\ArcToolbox\Toolboxes\Data Management Tools.tbx\CalculateField" Date="20200316" Time="102508">CalculateField mus_admbnda_adm1_2020_v1 ADM0_PCODE "MU" VB #</Process><Process ToolSource="c:\program files (x86)\arcgis\desktop10.7\ArcToolbox\Toolboxes\Data Management Tools.tbx\CalculateField" Date="20200316" Time="102742">CalculateField mus_admbnda_adm1_2020_v1 ADM1_FR ["ADM1_FR"] VB #</Process><Process ToolSource="c:\program files (x86)\arcgis\desktop10.7\ArcToolbox\Toolboxes\Data Management Tools.tbx\CalculateField" Date="20200316" Time="102820">CalculateField mus_admbnda_adm1_2020_v1 ADM1_EN [NAME_1] VB #</Process><Process ToolSource="c:\program files (x86)\arcgis\desktop10.7\ArcToolbox\Toolboxes\Data Management Tools.tbx\CalculateField" Date="20200316" Time="105212">CalculateField mus_admbnda_adm1_2020_v1 ADM1_PCODE "[ADM0_PCODE]&amp; [ID_1]" VB #</Process><Process ToolSource="c:\program files (x86)\arcgis\desktop10.7\ArcToolbox\Toolboxes\Data Management Tools.tbx\CalculateField" Date="20200316" Time="120503">CalculateField mus_admbnda_adm1_2020_v1 ADM1_PCODE "MU19" VB #</Process><Process ToolSource="c:\program files (x86)\arcgis\desktop10.7\ArcToolbox\Toolboxes\Data Management Tools.tbx\CalculateField" Date="20200316" Time="120531">CalculateField mus_admbnda_adm1_2020_v1 ADM1_PCODE "MU91" VB #</Process><Process ToolSource="c:\program files (x86)\arcgis\desktop10.7\ArcToolbox\Toolboxes\Data Management Tools.tbx\CalculateField" Date="20200316" Time="120548">CalculateField mus_admbnda_adm1_2020_v1 ADM1_PCODE "MU14" VB #</Process><Process ToolSource="c:\program files (x86)\arcgis\desktop10.7\ArcToolbox\Toolboxes\Data Management Tools.tbx\CalculateField" Date="20200316" Time="120633">CalculateField mus_admbnda_adm1_2020_v1 ADM1_PCODE "MU15" VB #</Process><Process ToolSource="c:\program files (x86)\arcgis\desktop10.7\ArcToolbox\Toolboxes\Data Management Tools.tbx\CalculateField" Date="20200316" Time="120648">CalculateField mus_admbnda_adm1_2020_v1 ADM1_PCODE "MU18" VB #</Process><Process ToolSource="c:\program files (x86)\arcgis\desktop10.7\ArcToolbox\Toolboxes\Data Management Tools.tbx\CalculateField" Date="20200316" Time="120708">CalculateField mus_admbnda_adm1_2020_v1 ADM1_PCODE "MU92" VB #</Process><Process ToolSource="c:\program files (x86)\arcgis\desktop10.7\ArcToolbox\Toolboxes\Data Management Tools.tbx\CalculateField" Date="20200316" Time="120726">CalculateField mus_admbnda_adm1_2020_v1 ADM1_PCODE "MU12" VB #</Process><Process ToolSource="c:\program files (x86)\arcgis\desktop10.7\ArcToolbox\Toolboxes\Data Management Tools.tbx\CalculateField" Date="20200316" Time="120740">CalculateField mus_admbnda_adm1_2020_v1 ADM1_PCODE "MU17" VB #</Process><Process ToolSource="c:\program files (x86)\arcgis\desktop10.7\ArcToolbox\Toolboxes\Data Management Tools.tbx\CalculateField" Date="20200316" Time="120803">CalculateField mus_admbnda_adm1_2020_v1 ADM1_PCODE "MU11" VB #</Process><Process ToolSource="c:\program files (x86)\arcgis\desktop10.7\ArcToolbox\Toolboxes\Data Management Tools.tbx\CalculateField" Date="20200316" Time="120953">CalculateField mus_admbnda_adm1_2020_v1 ADM1_PCODE "MU13" VB #</Process><Process ToolSource="c:\program files (x86)\arcgis\desktop10.7\ArcToolbox\Toolboxes\Data Management Tools.tbx\CalculateField" Date="20200316" Time="121009">CalculateField mus_admbnda_adm1_2020_v1 ADM1_PCODE "MU93" VB #</Process><Process ToolSource="c:\program files (x86)\arcgis\desktop10.7\ArcToolbox\Toolboxes\Data Management Tools.tbx\CalculateField" Date="20200316" Time="121029">CalculateField mus_admbnda_adm1_2020_v1 ADM1_PCODE "MU16" VB #</Process><Process ToolSource="c:\program files (x86)\arcgis\desktop10.7\ArcToolbox\Toolboxes\Data Management Tools.tbx\CalculateField" Date="20200316" Time="121111">CalculateField mus_admbnda_adm1_2020_v1 ADM1_PCODE "MU12" VB #</Process><Process ToolSource="c:\program files (x86)\arcgis\desktop10.7\ArcToolbox\Toolboxes\Data Management Tools.tbx\CalculateField" Date="20200316" Time="121134">CalculateField mus_admbnda_adm1_2020_v1 ADM1_PCODE "MU17" VB #</Process><Process ToolSource="c:\program files (x86)\arcgis\desktop10.7\ArcToolbox\Toolboxes\Data Management Tools.tbx\CalculateField" Date="20200316" Time="121206">CalculateField mus_admbnda_adm1_2020_v1 ADM1_PCODE "MU12" VB #</Process><Process ToolSource="c:\program files (x86)\arcgis\desktop10.7\ArcToolbox\Toolboxes\Data Management Tools.tbx\CalculateField" Date="20200316" Time="121230">CalculateField mus_admbnda_adm1_2020_v1 ADM1_PCODE "MU19" VB #</Process></lineage></DataProperties></Esri></metadata>
