<?xml version="1.0" encoding="UTF-8"?>
<metadata xml:lang="en"><Esri><CreaDate>20180517</CreaDate><CreaTime>14224100</CreaTime><ArcGISFormat>1.0</ArcGISFormat><SyncOnce>FALSE</SyncOnce><DataProperties><lineage><Process ToolSource="c:\program files (x86)\arcgis\desktop10.1\ArcToolbox\Toolboxes\Data Management Tools.tbx\DefineProjection" Date="20150224" Time="114359">DefineProjection GNB_admbndp2_1m_salb GEOGCS['GCS_WGS_1984',DATUM['D_WGS_1984',SPHEROID['WGS_1984',6378137.0,298.257223563]],PRIMEM['Greenwich',0.0],UNIT['Degree',0.0174532925199433]]</Process><Process ToolSource="c:\program files (x86)\arcgis\desktop10.1\ArcToolbox\Toolboxes\Data Management Tools.tbx\CalculateField" Date="20150224" Time="133741">CalculateField GNB_admbndp2_1m_salb ADM1_NAME "Bissau" VB #</Process><Process ToolSource="c:\program files (x86)\arcgis\desktop10.1\ArcToolbox\Toolboxes\Data Management Tools.tbx\CalculateField" Date="20150224" Time="134341">CalculateField GNB_admbndp2_1m_salb RowcaCode1 [ADM1_CODE] VB #</Process><Process ToolSource="c:\program files (x86)\arcgis\desktop10.1\ArcToolbox\Toolboxes\Data Management Tools.tbx\CalculateField" Date="20150224" Time="134351">CalculateField GNB_admbndp2_1m_salb RowcaCode1 [ADM1_CODE] VB #</Process><Process ToolSource="c:\program files (x86)\arcgis\desktop10.1\ArcToolbox\Toolboxes\Data Management Tools.tbx\CalculateField" Date="20150224" Time="134400">CalculateField GNB_admbndp2_1m_salb RowcaCode2 [ADM2_CODE] VB #</Process><Process ToolSource="c:\program files (x86)\arcgis\desktop10.1\ArcToolbox\Toolboxes\Data Management Tools.tbx\CalculateField" Date="20150224" Time="134407">CalculateField GNB_admbndp2_1m_salb HRname [ADM2_NAME] VB #</Process><Process ToolSource="c:\program files (x86)\arcgis\desktop10.1\ArcToolbox\Toolboxes\Data Management Tools.tbx\CalculateField" Date="20150224" Time="134449">CalculateField GNB_admbndp2_1m_salb HRpcode ""GW" &amp;Mid( [ADM2_CODE], 4 )" VB #</Process><Process ToolSource="c:\program files (x86)\arcgis\desktop10.1\ArcToolbox\Toolboxes\Data Management Tools.tbx\CalculateField" Date="20150224" Time="134508">CalculateField GNB_admbndp2_1m_salb HRparent ""GW" &amp;Mid( [ADM1_CODE] , 4 )" VB #</Process><Process ToolSource="c:\program files (x86)\arcgis\desktop10.1\ArcToolbox\Toolboxes\Conversion Tools.tbx\FeatureClassToFeatureClass" Date="20160526" Time="155745">FeatureClassToFeatureClass "C:\Local Cloud\Shared\ROWCA\00_Regional Office Dakar\Information Management\07 GIS\00_ROWCA gdb\GNB\Data\Base_data\Admin\Working\GNB_admbndp2_1m_salb.shp" "C:\Local Cloud\Shared\ROWCA\00_Regional Office Dakar\Information Management\07 GIS\00_ROWCA gdb\GNB.gdb\Admin" gnb_admbnda_adm2_1m_salb # "CNTRY_NAME "CNTRY_NAME" true true false 50 Text 0 0 ,First,#,C:\Local Cloud\Shared\ROWCA\00_Regional Office Dakar\Information Management\07 GIS\00_ROWCA gdb\GNB\Data\Base_data\Admin\Working\GNB_admbndp2_1m_salb.shp,CNTRY_NAME,-1,-1;CNTRY_CODE "CNTRY_CODE" true true false 50 Text 0 0 ,First,#,C:\Local Cloud\Shared\ROWCA\00_Regional Office Dakar\Information Management\07 GIS\00_ROWCA gdb\GNB\Data\Base_data\Admin\Working\GNB_admbndp2_1m_salb.shp,CNTRY_CODE,-1,-1;ADM1_NAME "ADM1_NAME" true true false 50 Text 0 0 ,First,#,C:\Local Cloud\Shared\ROWCA\00_Regional Office Dakar\Information Management\07 GIS\00_ROWCA gdb\GNB\Data\Base_data\Admin\Working\GNB_admbndp2_1m_salb.shp,ADM1_NAME,-1,-1;ADM2_NAME "ADM2_NAME" true true false 50 Text 0 0 ,First,#,C:\Local Cloud\Shared\ROWCA\00_Regional Office Dakar\Information Management\07 GIS\00_ROWCA gdb\GNB\Data\Base_data\Admin\Working\GNB_admbndp2_1m_salb.shp,ADM2_NAME,-1,-1;RowcaCode1 "RowcaCode1" true true false 10 Text 0 0 ,First,#,C:\Local Cloud\Shared\ROWCA\00_Regional Office Dakar\Information Management\07 GIS\00_ROWCA gdb\GNB\Data\Base_data\Admin\Working\GNB_admbndp2_1m_salb.shp,RowcaCode1,-1,-1;RowcaCode2 "RowcaCode2" true true false 10 Text 0 0 ,First,#,C:\Local Cloud\Shared\ROWCA\00_Regional Office Dakar\Information Management\07 GIS\00_ROWCA gdb\GNB\Data\Base_data\Admin\Working\GNB_admbndp2_1m_salb.shp,RowcaCode2,-1,-1;HRpcode "HRpcode" true true false 10 Text 0 0 ,First,#,C:\Local Cloud\Shared\ROWCA\00_Regional Office Dakar\Information Management\07 GIS\00_ROWCA gdb\GNB\Data\Base_data\Admin\Working\GNB_admbndp2_1m_salb.shp,HRpcode,-1,-1;HRparent "HRparent" true true false 10 Text 0 0 ,First,#,C:\Local Cloud\Shared\ROWCA\00_Regional Office Dakar\Information Management\07 GIS\00_ROWCA gdb\GNB\Data\Base_data\Admin\Working\GNB_admbndp2_1m_salb.shp,HRparent,-1,-1" #</Process><Process ToolSource="c:\program files (x86)\arcgis\desktop10.4\ArcToolbox\Toolboxes\Data Management Tools.tbx\CalculateField" Date="20180517" Time="135733">CalculateField gnb_admbnda_adm2_1m_salb CNTRY_CODE "GW" VB #</Process><Process ToolSource="c:\program files (x86)\arcgis\desktop10.4\ArcToolbox\Toolboxes\Data Management Tools.tbx\CalculateField" Date="20180517" Time="140252">CalculateField gnb_admbnda_adm2_1m_salb Admin1Pcod "GW01" VB #</Process><Process ToolSource="c:\program files (x86)\arcgis\desktop10.4\ArcToolbox\Toolboxes\Data Management Tools.tbx\CalculateField" Date="20180517" Time="140305">CalculateField gnb_admbnda_adm2_1m_salb Admin1Pcod "GW02" VB #</Process><Process ToolSource="c:\program files (x86)\arcgis\desktop10.4\ArcToolbox\Toolboxes\Data Management Tools.tbx\CalculateField" Date="20180517" Time="140319">CalculateField gnb_admbnda_adm2_1m_salb Admin1Pcod "GW03" VB #</Process><Process ToolSource="c:\program files (x86)\arcgis\desktop10.4\ArcToolbox\Toolboxes\Data Management Tools.tbx\CalculateField" Date="20180517" Time="140327">CalculateField gnb_admbnda_adm2_1m_salb Admin1Pcod "GW04" VB #</Process><Process ToolSource="c:\program files (x86)\arcgis\desktop10.4\ArcToolbox\Toolboxes\Data Management Tools.tbx\CalculateField" Date="20180517" Time="140338">CalculateField gnb_admbnda_adm2_1m_salb Admin1Pcod "GW05" VB #</Process><Process ToolSource="c:\program files (x86)\arcgis\desktop10.4\ArcToolbox\Toolboxes\Data Management Tools.tbx\CalculateField" Date="20180517" Time="140346">CalculateField gnb_admbnda_adm2_1m_salb Admin1Pcod "GW06" VB #</Process><Process ToolSource="c:\program files (x86)\arcgis\desktop10.4\ArcToolbox\Toolboxes\Data Management Tools.tbx\CalculateField" Date="20180517" Time="140358">CalculateField gnb_admbnda_adm2_1m_salb Admin1Pcod "GW07" VB #</Process><Process ToolSource="c:\program files (x86)\arcgis\desktop10.4\ArcToolbox\Toolboxes\Data Management Tools.tbx\CalculateField" Date="20180517" Time="140407">CalculateField gnb_admbnda_adm2_1m_salb Admin1Pcod "GW08" VB #</Process><Process ToolSource="c:\program files (x86)\arcgis\desktop10.4\ArcToolbox\Toolboxes\Data Management Tools.tbx\CalculateField" Date="20180517" Time="140415">CalculateField gnb_admbnda_adm2_1m_salb Admin1Pcod "GW09" VB #</Process><Process ToolSource="c:\program files (x86)\arcgis\desktop10.4\ArcToolbox\Toolboxes\Data Management Tools.tbx\CalculateField" Date="20180517" Time="140448">CalculateField gnb_admbnda_adm2_1m_salb admin2Pcod "[Admin1Pcod] &amp;Right ( [admin1Pcod],Len( [admin1Pcod]) - 2)" VB #</Process><Process ToolSource="c:\program files (x86)\arcgis\desktop10.4\ArcToolbox\Toolboxes\Data Management Tools.tbx\CalculateField" Date="20180517" Time="140508">CalculateField gnb_admbnda_adm2_1m_salb admin2Pcod "[Admin1Pcod] &amp;Right ( [Admin1Pcod],Len( [Admin1Pcod]) - 2)" VB #</Process><Process ToolSource="c:\program files (x86)\arcgis\desktop10.4\ArcToolbox\Toolboxes\Data Management Tools.tbx\CalculateField" Date="20180517" Time="140813">CalculateField gnb_admbnda_adm2_1m_salb admin2Pcod "[Admin1Pcod] &amp;Right ( [RowcaCode2] ,Len( [RowcaCode2] ) - 2)" VB #</Process><Process ToolSource="c:\program files (x86)\arcgis\desktop10.4\ArcToolbox\Toolboxes\Data Management Tools.tbx\CalculateField" Date="20180517" Time="140830">CalculateField gnb_admbnda_adm2_1m_salb admin2Pcod "[Admin1Pcod] &amp;Right ( [RowcaCode2] ,Len( [RowcaCode2] ) - 7)" VB #</Process><Process ToolSource="c:\program files (x86)\arcgis\desktop10.4\ArcToolbox\Toolboxes\Data Management Tools.tbx\CalculateField" Date="20180517" Time="141528">CalculateField gnb_admbnda_adm2_1m_salb Admin1Pcod "GW07" VB #</Process><Process ToolSource="c:\program files (x86)\arcgis\desktop10.4\ArcToolbox\Toolboxes\Data Management Tools.tbx\CalculateField" Date="20180517" Time="141539">CalculateField gnb_admbnda_adm2_1m_salb Admin1Pcod "GW06" VB #</Process><Process ToolSource="c:\program files (x86)\arcgis\desktop10.4\ArcToolbox\Toolboxes\Data Management Tools.tbx\CalculateField" Date="20180517" Time="141551">CalculateField gnb_admbnda_adm2_1m_salb Admin1Pcod "GW05" VB #</Process><Process ToolSource="c:\program files (x86)\arcgis\desktop10.4\ArcToolbox\Toolboxes\Data Management Tools.tbx\CalculateField" Date="20180517" Time="141604">CalculateField gnb_admbnda_adm2_1m_salb Admin1Pcod "GW04" VB #</Process><Process ToolSource="c:\program files (x86)\arcgis\desktop10.4\ArcToolbox\Toolboxes\Data Management Tools.tbx\CalculateField" Date="20180517" Time="141614">CalculateField gnb_admbnda_adm2_1m_salb Admin1Pcod "GW03" VB #</Process><Process ToolSource="c:\program files (x86)\arcgis\desktop10.4\ArcToolbox\Toolboxes\Data Management Tools.tbx\CalculateField" Date="20180517" Time="141625">CalculateField gnb_admbnda_adm2_1m_salb Admin1Pcod "GW08" VB #</Process><Process ToolSource="c:\program files (x86)\arcgis\desktop10.4\ArcToolbox\Toolboxes\Data Management Tools.tbx\CalculateField" Date="20180517" Time="141826">CalculateField gnb_admbnda_adm2_1m_salb admin2Pcod "[Admin1Pcod] &amp;Right ( [RowcaCode2] ,Len( [RowcaCode2] ) - 2)" VB #</Process><Process ToolSource="c:\program files (x86)\arcgis\desktop10.4\ArcToolbox\Toolboxes\Data Management Tools.tbx\CalculateField" Date="20180517" Time="141833">CalculateField gnb_admbnda_adm2_1m_salb admin2Pcod "[Admin1Pcod] &amp;Right ( [RowcaCode2] ,Len( [RowcaCode2] ) - 7)" VB #</Process></lineage><itemProps><itemName Sync="TRUE">gnb_admbnda_adm2_1m_salb</itemName><imsContentType Sync="TRUE">002</imsContentType><itemLocation><linkage Sync="TRUE">file://\\OCHAWKS-SEN-5MA\C$\Local Cloud\Shared\ROWCA\00_Regional Office Dakar\Information Management\07 GIS\00_ROWCA gdb\GNB.gdb</linkage><protocol Sync="TRUE">Local Area Network</protocol></itemLocation></itemProps><coordRef><type Sync="TRUE">Geographic</type><geogcsn Sync="TRUE">GCS_WGS_1984</geogcsn><csUnits Sync="TRUE">Angular Unit: Degree (0.017453)</csUnits><peXml Sync="TRUE">&lt;GeographicCoordinateSystem xsi:type='typens:GeographicCoordinateSystem' xmlns:xsi='http://www.w3.org/2001/XMLSchema-instance' xmlns:xs='http://www.w3.org/2001/XMLSchema' xmlns:typens='http://www.esri.com/schemas/ArcGIS/10.1'&gt;&lt;WKT&gt;GEOGCS[&amp;quot;GCS_WGS_1984&amp;quot;,DATUM[&amp;quot;D_WGS_1984&amp;quot;,SPHEROID[&amp;quot;WGS_1984&amp;quot;,6378137.0,298.257223563]],PRIMEM[&amp;quot;Greenwich&amp;quot;,0.0],UNIT[&amp;quot;Degree&amp;quot;,0.0174532925199433],AUTHORITY[&amp;quot;EPSG&amp;quot;,4326]]&lt;/WKT&gt;&lt;XOrigin&gt;-400&lt;/XOrigin&gt;&lt;YOrigin&gt;-400&lt;/YOrigin&gt;&lt;XYScale&gt;999999999.99999988&lt;/XYScale&gt;&lt;ZOrigin&gt;-100000&lt;/ZOrigin&gt;&lt;ZScale&gt;10000&lt;/ZScale&gt;&lt;MOrigin&gt;-100000&lt;/MOrigin&gt;&lt;MScale&gt;10000&lt;/MScale&gt;&lt;XYTolerance&gt;8.983152841195215e-009&lt;/XYTolerance&gt;&lt;ZTolerance&gt;0.001&lt;/ZTolerance&gt;&lt;MTolerance&gt;0.001&lt;/MTolerance&gt;&lt;HighPrecision&gt;true&lt;/HighPrecision&gt;&lt;LeftLongitude&gt;-180&lt;/LeftLongitude&gt;&lt;WKID&gt;4326&lt;/WKID&gt;&lt;LatestWKID&gt;4326&lt;/LatestWKID&gt;&lt;/GeographicCoordinateSystem&gt;</peXml></coordRef></DataProperties><SyncDate>20160526</SyncDate><SyncTime>15574400</SyncTime><ModDate>20160526</ModDate><ModTime>15574400</ModTime></Esri><dataIdInfo><envirDesc Sync="TRUE">Microsoft Windows 7 Version 6.1 (Build 7601) Service Pack 1; Esri ArcGIS 10.1.0.3035</envirDesc><dataLang><languageCode value="fra" Sync="TRUE"></languageCode><countryCode value="FRA" Sync="TRUE"></countryCode></dataLang><idCitation><resTitle Sync="TRUE">gnb_admbnda_adm2_1m_salb</resTitle><presForm><PresFormCd value="005" Sync="TRUE"></PresFormCd></presForm></idCitation><spatRpType><SpatRepTypCd value="001" Sync="TRUE"></SpatRepTypCd></spatRpType></dataIdInfo><mdLang><languageCode value="fra" Sync="TRUE"></languageCode><countryCode value="FRA" Sync="TRUE"></countryCode></mdLang><distInfo><distFormat><formatName Sync="TRUE">File Geodatabase Feature Class</formatName></distFormat></distInfo><mdHrLv><ScopeCd value="005" Sync="TRUE"></ScopeCd></mdHrLv><mdHrLvName Sync="TRUE">dataset</mdHrLvName><refSysInfo><RefSystem><refSysID><identCode code="4326" Sync="TRUE"></identCode><idCodeSpace Sync="TRUE">EPSG</idCodeSpace><idVersion Sync="TRUE">7.9.4</idVersion></refSysID></RefSystem></refSysInfo><spatRepInfo><VectSpatRep><geometObjs Name="gnb_admbnda_adm2_1m_salb"><geoObjTyp><GeoObjTypCd value="002" Sync="TRUE"></GeoObjTypCd></geoObjTyp><geoObjCnt Sync="TRUE">0</geoObjCnt></geometObjs><topLvl><TopoLevCd value="001" Sync="TRUE"></TopoLevCd></topLvl></VectSpatRep></spatRepInfo><spdoinfo><ptvctinf><esriterm Name="gnb_admbnda_adm2_1m_salb"><efeatyp Sync="TRUE">Simple</efeatyp><efeageom code="4" Sync="TRUE"></efeageom><esritopo Sync="TRUE">FALSE</esritopo><efeacnt Sync="TRUE">0</efeacnt><spindex Sync="TRUE">TRUE</spindex><linrefer Sync="TRUE">FALSE</linrefer></esriterm></ptvctinf></spdoinfo><eainfo><detailed Name="gnb_admbnda_adm2_1m_salb"><enttyp><enttypl Sync="TRUE">gnb_admbnda_adm2_1m_salb</enttypl><enttypt Sync="TRUE">Feature Class</enttypt><enttypc Sync="TRUE">0</enttypc></enttyp><attr><attrlabl Sync="TRUE">OBJECTID</attrlabl><attalias Sync="TRUE">OBJECTID</attalias><attrtype Sync="TRUE">OID</attrtype><attwidth Sync="TRUE">4</attwidth><atprecis Sync="TRUE">0</atprecis><attscale Sync="TRUE">0</attscale><attrdef Sync="TRUE">Internal feature number.</attrdef><attrdefs Sync="TRUE">Esri</attrdefs><attrdomv><udom Sync="TRUE">Sequential unique whole numbers that are automatically generated.</udom></attrdomv></attr><attr><attrlabl Sync="TRUE">Shape</attrlabl><attalias Sync="TRUE">Shape</attalias><attrtype Sync="TRUE">Geometry</attrtype><attwidth Sync="TRUE">0</attwidth><atprecis Sync="TRUE">0</atprecis><attscale Sync="TRUE">0</attscale><attrdef Sync="TRUE">Feature geometry.</attrdef><attrdefs Sync="TRUE">Esri</attrdefs><attrdomv><udom Sync="TRUE">Coordinates defining the features.</udom></attrdomv></attr><attr><attrlabl Sync="TRUE">CNTRY_NAME</attrlabl><attalias Sync="TRUE">CNTRY_NAME</attalias><attrtype Sync="TRUE">String</attrtype><attwidth Sync="TRUE">50</attwidth><atprecis Sync="TRUE">0</atprecis><attscale Sync="TRUE">0</attscale></attr><attr><attrlabl Sync="TRUE">CNTRY_CODE</attrlabl><attalias Sync="TRUE">CNTRY_CODE</attalias><attrtype Sync="TRUE">String</attrtype><attwidth Sync="TRUE">50</attwidth><atprecis Sync="TRUE">0</atprecis><attscale Sync="TRUE">0</attscale></attr><attr><attrlabl Sync="TRUE">ADM1_NAME</attrlabl><attalias Sync="TRUE">ADM1_NAME</attalias><attrtype Sync="TRUE">String</attrtype><attwidth Sync="TRUE">50</attwidth><atprecis Sync="TRUE">0</atprecis><attscale Sync="TRUE">0</attscale></attr><attr><attrlabl Sync="TRUE">ADM2_NAME</attrlabl><attalias Sync="TRUE">ADM2_NAME</attalias><attrtype Sync="TRUE">String</attrtype><attwidth Sync="TRUE">50</attwidth><atprecis Sync="TRUE">0</atprecis><attscale Sync="TRUE">0</attscale></attr><attr><attrlabl Sync="TRUE">RowcaCode1</attrlabl><attalias Sync="TRUE">RowcaCode1</attalias><attrtype Sync="TRUE">String</attrtype><attwidth Sync="TRUE">10</attwidth><atprecis Sync="TRUE">0</atprecis><attscale Sync="TRUE">0</attscale></attr><attr><attrlabl Sync="TRUE">RowcaCode2</attrlabl><attalias Sync="TRUE">RowcaCode2</attalias><attrtype Sync="TRUE">String</attrtype><attwidth Sync="TRUE">10</attwidth><atprecis Sync="TRUE">0</atprecis><attscale Sync="TRUE">0</attscale></attr><attr><attrlabl Sync="TRUE">HRpcode</attrlabl><attalias Sync="TRUE">HRpcode</attalias><attrtype Sync="TRUE">String</attrtype><attwidth Sync="TRUE">10</attwidth><atprecis Sync="TRUE">0</atprecis><attscale Sync="TRUE">0</attscale></attr><attr><attrlabl Sync="TRUE">HRparent</attrlabl><attalias Sync="TRUE">HRparent</attalias><attrtype Sync="TRUE">String</attrtype><attwidth Sync="TRUE">10</attwidth><atprecis Sync="TRUE">0</atprecis><attscale Sync="TRUE">0</attscale></attr><attr><attrlabl Sync="TRUE">Shape_Length</attrlabl><attalias Sync="TRUE">Shape_Length</attalias><attrtype Sync="TRUE">Double</attrtype><attwidth Sync="TRUE">8</attwidth><atprecis Sync="TRUE">0</atprecis><attscale Sync="TRUE">0</attscale><attrdef Sync="TRUE">Length of feature in internal units.</attrdef><attrdefs Sync="TRUE">Esri</attrdefs><attrdomv><udom Sync="TRUE">Positive real numbers that are automatically generated.</udom></attrdomv></attr><attr><attrlabl Sync="TRUE">Shape_Area</attrlabl><attalias Sync="TRUE">Shape_Area</attalias><attrtype Sync="TRUE">Double</attrtype><attwidth Sync="TRUE">8</attwidth><atprecis Sync="TRUE">0</atprecis><attscale Sync="TRUE">0</attscale><attrdef Sync="TRUE">Area of feature in internal units squared.</attrdef><attrdefs Sync="TRUE">Esri</attrdefs><attrdomv><udom Sync="TRUE">Positive real numbers that are automatically generated.</udom></attrdomv></attr></detailed></eainfo><mdDateSt Sync="TRUE">20160526</mdDateSt></metadata>
