<metadata xml:lang="en"><Esri><CreaDate>20200102</CreaDate><CreaTime>11303400</CreaTime><ArcGISFormat>1.0</ArcGISFormat><SyncOnce>FALSE</SyncOnce><DataProperties><lineage><Process ToolSource="c:\program files (x86)\arcgis\desktop10.7\ArcToolbox\Toolboxes\Data Management Tools.tbx\CalculateField" Date="20200102" Time="113034">CalculateField ZMB_adm2_DMMU_OCHA_231219 ADM1_EN "Muchinga" VB #</Process><Process ToolSource="c:\program files (x86)\arcgis\desktop10.7\ArcToolbox\Toolboxes\Conversion Tools.tbx\FeatureClassToFeatureClass" Date="20200102" Time="152128">FeatureClassToFeatureClass ZMB_adm2_DMMU_OCHA_231219 "D:\Employment\OCHA\CODs\ZMB\ZMB 2020_01_02 FIS\zmb.gdb\codab" zmb_adm2_a # "ADM0_EN "ADM0_EN" true true false 254 Text 0 0 ,First,#,ZMB_adm2_DMMU_OCHA_231219,ADM0_EN,-1,-1;ADM0_PCODE "ADM0_PCODE" true true false 254 Text 0 0 ,First,#,ZMB_adm2_DMMU_OCHA_231219,ADM0_PCODE,-1,-1;ADM1_EN "ADM1_EN" true true false 254 Text 0 0 ,First,#,ZMB_adm2_DMMU_OCHA_231219,ADM1_EN,-1,-1;ADM1_PCODE "ADM1_PCODE" true true false 254 Text 0 0 ,First,#,ZMB_adm2_DMMU_OCHA_231219,ADM1_PCODE,-1,-1;ADM2_EN "ADM2_EN" true true false 254 Text 0 0 ,First,#,ZMB_adm2_DMMU_OCHA_231219,ADM2_EN,-1,-1;ADM2_PCODE "ADM2_PCODE" true true false 254 Text 0 0 ,First,#,ZMB_adm2_DMMU_OCHA_231219,ADM2_PCODE,-1,-1;FEATURE__1 "FEATURE__1" true true false 254 Text 0 0 ,First,#,ZMB_adm2_DMMU_OCHA_231219,FEATURE__1,-1,-1;num_for_li "num_for_li" true true false 16 Double 6 15 ,First,#,ZMB_adm2_DMMU_OCHA_231219,num_for_li,-1,-1" #</Process><Process ToolSource="c:\program files (x86)\arcgis\desktop10.7\ArcToolbox\Toolboxes\Conversion Tools.tbx\FeatureClassToFeatureClass" Date="20200102" Time="162520">FeatureClassToFeatureClass zmb_adm2_a "D:\Employment\OCHA\CODs\ZMB\ZMB 2020_01_02 FIS\zmb.gdb\codab" zmb_adm2_b # "ADM0_EN "ADM0_EN" true true false 254 Text 0 0 ,First,#,zmb_adm2_a,ADM0_EN,-1,-1;ADM0_PCODE "ADM0_PCODE" true true false 254 Text 0 0 ,First,#,zmb_adm2_a,ADM0_PCODE,-1,-1;ADM1_EN "ADM1_EN" true true false 254 Text 0 0 ,First,#,zmb_adm2_a,ADM1_EN,-1,-1;ADM1_PCODE "ADM1_PCODE" true true false 254 Text 0 0 ,First,#,zmb_adm2_a,ADM1_PCODE,-1,-1;ADM2_EN "ADM2_EN" true true false 254 Text 0 0 ,First,#,zmb_adm2_a,ADM2_EN,-1,-1;ADM2_PCODE "ADM2_PCODE" true true false 254 Text 0 0 ,First,#,zmb_adm2_a,ADM2_PCODE,-1,-1;FEATURE__1 "FEATURE__1" true true false 254 Text 0 0 ,First,#,zmb_adm2_a,FEATURE__1,-1,-1;num_for_li "num_for_li" true true false 8 Double 0 0 ,First,#,zmb_adm2_a,num_for_li,-1,-1;Shape_Length "Shape_Length" false true true 8 Double 0 0 ,First,#,zmb_adm2_a,Shape_Length,-1,-1;Shape_Area "Shape_Area" false true true 8 Double 0 0 ,First,#,zmb_adm2_a,Shape_Area,-1,-1" #</Process><Process ToolSource="c:\program files (x86)\arcgis\desktop10.7\ArcToolbox\Toolboxes\Data Management Tools.tbx\Dissolve" Date="20200102" Time="162907">Dissolve zmb_adm2_b "D:\Employment\OCHA\CODs\ZMB\ZMB 2020_01_02 FIS\zmb_adm_2020_SHP\zmb_admbnda_adm0_2020.shp" ADM0_EN;ADM0_PCODE # MULTI_PART DISSOLVE_LINES</Process></lineage><itemProps><itemName Sync="TRUE">zmb_admbnda_adm0_2020</itemName><imsContentType Sync="TRUE">002</imsContentType><itemLocation><linkage Sync="TRUE">file://\\DESKTOP-840KPSC\D$\Employment\OCHA\CODs\ZMB\ZMB 2020_01_02 FIS\zmb_adm_2020_SHP\zmb_admbnda_adm0_2020.shp</linkage><protocol Sync="TRUE">Local Area Network</protocol></itemLocation><itemSize Sync="TRUE">0.000</itemSize></itemProps><coordRef><type Sync="TRUE">Geographic</type><geogcsn Sync="TRUE">GCS_WGS_1984</geogcsn><csUnits Sync="TRUE">Angular Unit: Degree (0.017453)</csUnits><peXml Sync="TRUE">&lt;GeographicCoordinateSystem xsi:type='typens:GeographicCoordinateSystem' xmlns:xsi='http://www.w3.org/2001/XMLSchema-instance' xmlns:xs='http://www.w3.org/2001/XMLSchema' xmlns:typens='http://www.esri.com/schemas/ArcGIS/10.7'&gt;&lt;WKT&gt;GEOGCS[&amp;quot;GCS_WGS_1984&amp;quot;,DATUM[&amp;quot;D_WGS_1984&amp;quot;,SPHEROID[&amp;quot;WGS_1984&amp;quot;,6378137.0,298.257223563]],PRIMEM[&amp;quot;Greenwich&amp;quot;,0.0],UNIT[&amp;quot;Degree&amp;quot;,0.0174532925199433],AUTHORITY[&amp;quot;EPSG&amp;quot;,4326]]&lt;/WKT&gt;&lt;XOrigin&gt;-400&lt;/XOrigin&gt;&lt;YOrigin&gt;-400&lt;/YOrigin&gt;&lt;XYScale&gt;11258999068426.238&lt;/XYScale&gt;&lt;ZOrigin&gt;-100000&lt;/ZOrigin&gt;&lt;ZScale&gt;10000&lt;/ZScale&gt;&lt;MOrigin&gt;-100000&lt;/MOrigin&gt;&lt;MScale&gt;10000&lt;/MScale&gt;&lt;XYTolerance&gt;8.983152841195215e-09&lt;/XYTolerance&gt;&lt;ZTolerance&gt;0.001&lt;/ZTolerance&gt;&lt;MTolerance&gt;0.001&lt;/MTolerance&gt;&lt;HighPrecision&gt;true&lt;/HighPrecision&gt;&lt;LeftLongitude&gt;-180&lt;/LeftLongitude&gt;&lt;WKID&gt;4326&lt;/WKID&gt;&lt;LatestWKID&gt;4326&lt;/LatestWKID&gt;&lt;/GeographicCoordinateSystem&gt;</peXml></coordRef></DataProperties><SyncDate>20200102</SyncDate><SyncTime>16290500</SyncTime><ModDate>20200102</ModDate><ModTime>16290500</ModTime></Esri><dataIdInfo><envirDesc Sync="TRUE"> Version 6.2 (Build 9200) ; Esri ArcGIS 10.7.1.11595</envirDesc><dataLang><languageCode value="eng" Sync="TRUE"></languageCode><countryCode value="USA" Sync="TRUE"></countryCode></dataLang><idCitation><resTitle Sync="TRUE">zmb_admbnda_adm0_2020</resTitle><presForm><PresFormCd value="005" Sync="TRUE"></PresFormCd></presForm></idCitation><spatRpType><SpatRepTypCd value="001" Sync="TRUE"></SpatRepTypCd></spatRpType></dataIdInfo><mdLang><languageCode value="eng" Sync="TRUE"></languageCode><countryCode value="USA" Sync="TRUE"></countryCode></mdLang><distInfo><distFormat><formatName Sync="TRUE">Shapefile</formatName></distFormat><distTranOps><transSize Sync="TRUE">0.000</transSize></distTranOps></distInfo><mdHrLv><ScopeCd value="005" Sync="TRUE"></ScopeCd></mdHrLv><mdHrLvName Sync="TRUE">dataset</mdHrLvName><refSysInfo><RefSystem><refSysID><identCode code="4326" Sync="TRUE"></identCode><idCodeSpace Sync="TRUE">EPSG</idCodeSpace><idVersion Sync="TRUE">6.14(3.0.1)</idVersion></refSysID></RefSystem></refSysInfo><spatRepInfo><VectSpatRep><geometObjs Name="zmb_admbnda_adm0_2020"><geoObjTyp><GeoObjTypCd value="002" Sync="TRUE"></GeoObjTypCd></geoObjTyp><geoObjCnt Sync="TRUE">0</geoObjCnt></geometObjs><topLvl><TopoLevCd value="001" Sync="TRUE"></TopoLevCd></topLvl></VectSpatRep></spatRepInfo><spdoinfo><ptvctinf><esriterm Name="zmb_admbnda_adm0_2020"><efeatyp Sync="TRUE">Simple</efeatyp><efeageom code="4" Sync="TRUE"></efeageom><esritopo Sync="TRUE">FALSE</esritopo><efeacnt Sync="TRUE">0</efeacnt><spindex Sync="TRUE">FALSE</spindex><linrefer Sync="TRUE">FALSE</linrefer></esriterm></ptvctinf></spdoinfo><eainfo><detailed Name="zmb_admbnda_adm0_2020"><enttyp><enttypl Sync="TRUE">zmb_admbnda_adm0_2020</enttypl><enttypt Sync="TRUE">Feature Class</enttypt><enttypc Sync="TRUE">0</enttypc></enttyp><attr><attrlabl Sync="TRUE">FID</attrlabl><attalias Sync="TRUE">FID</attalias><attrtype Sync="TRUE">OID</attrtype><attwidth Sync="TRUE">4</attwidth><atprecis Sync="TRUE">0</atprecis><attscale Sync="TRUE">0</attscale><attrdef Sync="TRUE">Internal feature number.</attrdef><attrdefs Sync="TRUE">Esri</attrdefs><attrdomv><udom Sync="TRUE">Sequential unique whole numbers that are automatically generated.</udom></attrdomv></attr><attr><attrlabl Sync="TRUE">Shape</attrlabl><attalias Sync="TRUE">Shape</attalias><attrtype Sync="TRUE">Geometry</attrtype><attwidth Sync="TRUE">0</attwidth><atprecis Sync="TRUE">0</atprecis><attscale Sync="TRUE">0</attscale><attrdef Sync="TRUE">Feature geometry.</attrdef><attrdefs Sync="TRUE">Esri</attrdefs><attrdomv><udom Sync="TRUE">Coordinates defining the features.</udom></attrdomv></attr><attr><attrlabl Sync="TRUE">ADM0_EN</attrlabl><attalias Sync="TRUE">ADM0_EN</attalias><attrtype Sync="TRUE">String</attrtype><attwidth Sync="TRUE">254</attwidth><atprecis Sync="TRUE">0</atprecis><attscale Sync="TRUE">0</attscale></attr><attr><attrlabl Sync="TRUE">ADM0_PCODE</attrlabl><attalias Sync="TRUE">ADM0_PCODE</attalias><attrtype Sync="TRUE">String</attrtype><attwidth Sync="TRUE">254</attwidth><atprecis Sync="TRUE">0</atprecis><attscale Sync="TRUE">0</attscale></attr></detailed></eainfo><mdDateSt Sync="TRUE">20200102</mdDateSt></metadata>
