<?xml version="1.0" encoding="UTF-8"?>
<metadata xml:lang="en"><Esri><CreaDate>20200103</CreaDate><CreaTime>10362600</CreaTime><ArcGISFormat>1.0</ArcGISFormat><SyncOnce>TRUE</SyncOnce><DataProperties><lineage><Process ToolSource="c:\program files (x86)\arcgis\desktop10.7\ArcToolbox\Toolboxes\Data Management Tools.tbx\CalculateField" Date="20200103" Time="103626">CalculateField zmb_admbndl_ALL_2020 AdmLevel 1 VB #</Process><Process ToolSource="c:\program files (x86)\arcgis\desktop10.7\ArcToolbox\Toolboxes\Data Management Tools.tbx\CalculateField" Date="20200103" Time="103704">CalculateField zmb_admbndl_ALL_2020 AdmLevel 2 VB #</Process></lineage></DataProperties></Esri></metadata>
