<?xml version="1.0" encoding="UTF-8"?>
<metadata xml:lang="en"><Esri><CreaDate>20181002</CreaDate><CreaTime>11594200</CreaTime><ArcGISFormat>1.0</ArcGISFormat><SyncOnce>TRUE</SyncOnce><DataProperties><itemProps><itemLocation><linkage Sync="TRUE">file://\\DESKTOP-IHA95L0\C$\Users\Owner\Documents\OCHA FIS\CODs\RWA\RWA FIS publish 2018 10 02\rwa_adm4_2006_NISR_WGS1984_20181002</linkage><protocol Sync="TRUE">Local Area Network</protocol></itemLocation></itemProps><copyHistory><copy source="C:\Users\Owner\Documents\OCHA FIS\CODs\RWA\RWA FIS 2018 10 02\rwa_adm4_2006_NISR_WGS1984_20181002" dest="\\DESKTOP-IHA95L0\C$\Users\Owner\Documents\OCHA FIS\CODs\RWA\RWA FIS publish 2018 10 02\rwa_adm4_2006_NISR_WGS1984_20181002" date="20181002" time="11594200"></copy></copyHistory></DataProperties></Esri></metadata>
