<?xml version="1.0" encoding="UTF-8"?>
<metadata xml:lang="en"><Esri><CreaDate>20181002</CreaDate><CreaTime>11593500</CreaTime><ArcGISFormat>1.0</ArcGISFormat><SyncOnce>TRUE</SyncOnce><DataProperties><lineage><Process ToolSource="c:\program files (x86)\arcgis\desktop10.6\ArcToolbox\Toolboxes\Data Management Tools.tbx\CalculateField" Date="20181002" Time="114603">CalculateField rwa_adm3_2006_NISR_WGS1984_20181002 A [ADM3ALT1EN] VB #</Process><Process ToolSource="c:\program files (x86)\arcgis\desktop10.6\ArcToolbox\Toolboxes\Data Management Tools.tbx\CalculateField" Date="20181002" Time="114640">CalculateField rwa_adm3_2006_NISR_WGS1984_20181002 B [ADM3_PCO_2] VB #</Process><Process ToolSource="c:\program files (x86)\arcgis\desktop10.6\ArcToolbox\Toolboxes\Data Management Tools.tbx\CalculateField" Date="20181002" Time="114718">CalculateField rwa_adm3_2006_NISR_WGS1984_20181002 ADM3_PCODE [B] VB #</Process><Process ToolSource="c:\program files (x86)\arcgis\desktop10.6\ArcToolbox\Toolboxes\Data Management Tools.tbx\CalculateField" Date="20181002" Time="115047">CalculateField rwa_adm3_2006_NISR_WGS1984_20181002 ADM3ALT1EN [A] VB #</Process></lineage><itemProps><itemLocation><linkage Sync="TRUE">file://\\DESKTOP-IHA95L0\C$\Users\Owner\Documents\OCHA FIS\CODs\RWA\RWA FIS publish 2018 10 02\rwa_adm3_2006_NISR_WGS1984_20181002</linkage><protocol Sync="TRUE">Local Area Network</protocol></itemLocation></itemProps><copyHistory><copy source="C:\Users\Owner\Documents\OCHA FIS\CODs\RWA\RWA FIS 2018 10 02\rwa_adm3_2006_NISR_WGS1984_20181002" dest="\\DESKTOP-IHA95L0\C$\Users\Owner\Documents\OCHA FIS\CODs\RWA\RWA FIS publish 2018 10 02\rwa_adm3_2006_NISR_WGS1984_20181002" date="20181002" time="11593500"></copy></copyHistory></DataProperties></Esri></metadata>
